{"count":1,"self":29.556748799999998,"total":29.579639,"children":{"InitializeActuators":{"count":1,"self":0.0016029999999999998,"total":0.0016029999999999998,"children":null},"InitializeSensors":{"count":1,"self":0.0016229999999999999,"total":0.0016229999999999999,"children":null},"AgentSendState":{"count":1325,"self":0.0088349999999999991,"total":0.0088349999999999991,"children":null},"DecideAction":{"count":1325,"self":0.0086039999999999988,"total":0.0086039999999999988,"children":null},"AgentAct":{"count":1325,"self":0.0016589999999999999,"total":0.0016589999999999999,"children":null}},"gauges":{},"metadata":{"timer_format_version":"0.1.0","start_time_seconds":"1694788316","unity_version":"2022.3.9f1","command_line_arguments":"\/Applications\/Unity\/Hub\/Editor\/2022.3.9f1\/Unity.app\/Contents\/MacOS\/Unity -projectpath \/Users\/lukeslizoski\/Documents\/GitHub\/Project_Zero -useHub -hubIPC -cloudEnvironment production -licensingIpc LicenseClient-lukeslizoski -hubSessionId 73852728-7f1e-4aae-a33e-59a6f2b597a5","communication_protocol_version":"1.5.0","com.unity.ml-agents_version":"2.0.1","scene_name":"Luke's Test Env","end_time_seconds":"1694788346"}}